Cross Val Step,Mean Absolute Error
1,0.6843046666354409
2,0.6869342786833033
3,0.6902123429248999
4,0.6897959808780588
5,0.691591728861982
