Cross Val Step,Mean Absolute Error
1,0.6792619138229821
2,0.6833745126020595
3,0.687949965272177
4,0.6865922038598403
5,0.6862934336148709
