Cross Val Step,Mean Absolute Error
1,0.6745448289044764
2,0.6781430464305228
3,0.6823806462171416
4,0.6814756020019572
5,0.6815500046045913
