Cross Val Step,Mean Absolute Error
1,0.6634711379927957
2,0.6696236065856739
3,0.669304925707872
4,0.6688585248827431
5,0.6751331569939086
