Cross Val Step,Mean Absolute Error
1,0.6821863089990315
2,0.6855439715077666
3,0.6901529657441743
4,0.6887106244400101
5,0.6881673354042712
