Cross Val Step,Mean Absolute Error
1,0.6968769635002297
2,0.6480698521897514
3,0.6674779656846945
4,0.7112590983749482
5,0.669978351792658
